Book Id	Title	Language	Year	Rs	Pages	Available	Author	Translator	Publisher	Phone No	Copyrights	Edition	Category
001	ಸುಭಾಷಿತಮಂಜರೀ	Kannada	1977, 1980, 2001	20	558	ಇದೆ			ಕನ್ನಡ ಸಾಹಿತ್ಯ ಪರಿಷತ್ , ಪಂಪಮಹಾಕವಿ ರಸ್ತೆ, ಚಾಮರಾಜಪೇಟೆ, ಬೆಂಗಳೂರು, ೫೬೦೦೧೮	೦೮೨೬೫-೨೭೪೧೦೦	ಹಕ್ಕುಗಳನ್ನು ಕಾದಿರಿಸಲಾಗಿದೆ.	ತೃತೀಯ ಮುದ್ರಣ	
002	ಸಂಸ್ಕೃತ ಭಾಷಾಶಾಸ್ತ್ರ ಮತ್ತು ಸಾಹಿತ್ಯ ಚರಿತ್ರೆ 	Kannada	1976		654	ಇಲ್ಲ	ಡಾ || ಕೆ ಕೃಷ್ಣಮೂರ್ತಿ; ವಿದ್ವಾನ್ ಎನ್. ರಂಗನಾಥಶರ್ಮ; ವಿದ್ವಾನ್ ಎಚ್. ಕೆ. ಸಿದ್ದಗಂಗಯ್ಯ		ಕರ್ನಾಟಕ ಸರಕಾರ	೦೮೨೬೫-೨೭೪೧೦೦			
003	ಬೋಧಾಯನಿಯ ಸಂಕ್ಷಿಪ್ತಧಾರ್ಮಿಕವಿಧಿಃ	Kannada	1994, 2011		162	ಇದೆ			ಶ್ರೀ ಅಖಿಲ ಹವ್ಯಕ ಮಹಾಸಭಾ(ರಿ) , ೧೦೧, ೧೧ನೆಯ ಅಡ್ಡ್ಶರಸ್ತೆ, ೮ನೆಯ ಮುಖ್ಯರಸ್ತೆ, ಮಲ್ಲೇಶ್ವರಂ ಬೆಂಗಳೂರು. ೫೬೦೦೦೩	೦೮೨೬೫-೨೭೪೧೦೦		ದ್ವಿತೀಯ ಮುದ್ರಣ	
004	ಮರುಳ ಮುನಿಯನ ಕಗ್ಗ 	Kannada	1998		246	ಇಲ್ಲ	ಡಿ.ವಿ.ಜಿ		ಕಾವ್ಯಾಲಯ , ಜಯನಗರ, ಮೈಸೂರು -೫೭೦೦೧೪		ಗೋಖಲೆ ಸಾರ್ವಜನಿಕ ವಿಚಾರ ಸಂಸ್ಥೆ ಬೆಂಗಳೂರು 		
005	ವೇದ-ವೇದಾಂತ 	Kannada	2004	60	100	ಇದೆ	ಡಿ.ವಿ.ಜಿ		ಗೋಖಲೆ ಸಾರ್ವಜನಿಕ ವಿಚಾರ ಸಂಸ್ಥೆ, ಬುಲ್ ಟೆಂಪಲ್ ರಸ್ತೆ, ಎನ್.ಆರ್.ಕಾಲೋನಿ, ಬೆಂಗಳೂರು- ೫೬೦೦೧೯	೦೮೨೬೫-೨೭೪೧೦೦	ಗೋಖಲೆ ಸಾರ್ವಜನಿಕ ವಿಚಾರ ಸಂಸ್ಥೆ ಬೆಂಗಳೂರು 	ಪ್ರಥಮ ಮುದ್ರಣ	
006	ಶ್ರೀ ಮದ್ರಾಘವೇಂದ್ರ ಭಾರತೀ ಮಹಾಸ್ವಾಮಿಗಳು  	Kannada	1981		290		ರಾಮಕೃಷ್ಣ ಅಡ್ಕೋಳಿ,		ಬಿ. ಕೃಷ್ಣ ಭಟ್		ಪ್ರಕಾಶಕರು	ದ್ವಿತೀಯ ಮುದ್ರಣ	
007	Yugapurusha Shankara	English	2003		76		Vidwan Shri N. Ranganatha Sharma	Shri H.N. Narasimhaih	Vedanta Bharati		Vedanta Bharati	Third Edition	
008	ಸಂಸ್ಕೃತ ಸಮ್ಮೇಳನದ ಅಧ್ಯಕ್ಷಭಾಷಣ 	Kannada	1984		20		ವಿದ್ವಾನ್ ಎನ್. ರಂಗನಾಥಶರ್ಮ	ಕೆ. ಎಸ್. ಕಣ್ಣನ್	ಅಖಿಲ ಕರ್ಣಾಟಕ ಸಂಸ್ಕೃತ ಪರಿಷತ್ತಿನ ಪ್ರಕಾಶನ				
009	Sri Siddharudha Swamiji	English	2001		100		Vidwan Shri N. Ranganatha Sharma	Sri T.N. Padmanabhan	Sri Siddharudha Mission Bangalore			First Edition	
010	ದೇವವಾಣಿ ಸಂಸ್ಕೃತ ವಿಶ್ವಜನೀನಾ	Kannada	2011		55		ವಿದ್ವಾನ್ ಎನ್. ರಂಗನಾಥಶರ್ಮ		ವಿದ್ಯಾಗಣಪತಿ ಪ್ರಕಾಶನ				
011	ಶ್ರೀಮಜ್ಜಗದ್ಗುರು ಗಂಗಾಧರೇಂದ್ರ ಸರಸ್ವತೀಸ್ವಾಮಿಗಳವರ ದಶಮಾನ ಸ್ಮರನಸಂಚಿಕೆಯಲ್ಲಿ ಲೇಖನ-ಭಗವತ್ಪಾದಪ್ರಕಾಶನ 	Kannada	2002		236		ವಿದ್ವಾನ್ ಎನ್. ರಂಗನಾಥಶರ್ಮ, ತ್ಯಾಗಲಿ		ಶ್ರೀ ಭಗವತ್ಪಾದ ಪ್ರಕಾಶನ (ರಿ)		ಶ್ರೀ ಭಗವತ್ಪಾದ ಪ್ರಕಾಶನ		
012	ಶ್ರೀಗುರುಕೃಪಾತಾರಂಗಿಣೀ-ಶ್ರೀರಾಮ ಚಂದ್ರಾಪುರಮಠ-1989   	Kannada	1989		280				ಶ್ರೀರಾಮ ಪ್ರಸಾದ ಪೋಷಿತ ವೈದಿಕಗ್ರಂಥ ಪ್ರಕಾಶನಸಮಿತಿ		All right are rescrved		
013	ವಾಲ್ಮೀಕಿ ಮುನಿಗಳ ಸೀತಾ ಸಮೀಕ್ಷಣ-ಉತ್ಥಾನ-೧೯೮೪ 	Kannada	1984		33		ವಿದ್ವಾನ್ ಎನ್. ರಂಗನಾಥಶರ್ಮ						
014	ನವರಸಗಳು ಮತ್ತು ಭಾವಗಳು-ಕ.ಸಾ.ಪ (ಸಾಹಿತ್ಯ ಚಿಂತನೆ) 	Kannada	2010		108				ಕನ್ನಡ ಸಾಹಿತ್ಯ ಪರಿಷತ್ತು		ಹಕ್ಕುಗಳನ್ನು ಕಾಯ್ದಿರಿಸಿದೆ	ಪ್ರಥಮ ಮುದ್ರಣ	
015	ಶ್ರಿರಾಮನಾಮಾವಲಿಃ	Kannada	2011		66				ಶ್ರೀಭಾರತೀಪ್ರಕಾಶನ		Publisher	First Edition	
016	ಒಂದನೆಯ ನಾಗವರ್ಮ (ಸಹಕರ್ತೃಕ) ಕ. ಸಾ.ಪ	Kannada	1973		208		ಪ್ರೋ|| ಎಚ್. ಎಂ. ಶಂಕರನಾರಾಯಣರಾವ್; ಶ್ರೀ ಪಿ. ವಿ. ಜೋಶಿ; ಡಾ|| ಡಿ. ಎಸ್. ಕರ್ಕಿ; ವಿದ್ವಾನ್ ಎನ್. ರಂಗನಾಥಶರ್ಮ		ಐ. ಬಿ ಎಚ್ ಪ್ರಕಾಶನ			ಮೊದಲನೆಯ ಮುದ್ರಣ	
017	ಎರಡನೆಯ ನಾಗವರ್ಮ (ಸಹಕರ್ತೃಕ) ಕ. ಸಾ.ಪ	Kannada	1973		224		ಪ್ರೋ|| ಎಚ್. ಎಂ. ಶಂಕರನಾರಾಯಣರಾವ್; ವಿದ್ವಾನ್ ಎಂ. ರಾಜಗೋಪಾಲಾಚಾರ್ಯ; ವಿದ್ವಾನ್ ಎನ್. ರಂಗನಾಥಶರ್ಮ		ಐ. ಬಿ ಎಚ್ ಪ್ರಕಾಶನ			ಮೊದಲನೆಯ ಮುದ್ರಣ	
018	ಶತಾವಧಾನಶಂಸನ 	Kannada	2012		80				ಪದ್ಯಪಾನ				
019	ಭಾರತೀಯರ ಧರ್ಮ ಮತ್ತು ಸಂಸ್ಕೃತಿ-ಚಿಂತನ ಪ್ರಕಾಶ- ಸ್ಮರಣಸಂಚಿಕೆ 	Kannada	2008		79				Live Happily Foundation				
020	ಋಷಿಗಳ ರಾಷ್ಟ್ರಾಭಿಮಾನ-ದಶಾಸ್ಮರಣಂ-ಹರಿಹರಪುರಮಠ	Kannada			195				Sri Swayamprakasha Trust (R)		Author		
021	ಸಂಕ್ಷೇಪ ರಾಮಾಯಣಮ್-ಮುನ್ನುಡಿ-ರಾಮಾಯಣ ಪ್ರಸರಣ ಪರಿಷತ್  	Kannada	2004	0.5	19	ಇಲ್ಲ			ನರಸಿಂಹರಾಜಕಾಲೋನಿ ಅಸೋಸಿಯೇಷನ್, ನರಸಿಂಹರಾಜ ಕಾಲೋನಿ, ಬೆಂಗಳೂರು – ೫೬೦೦೧೯	೦೮೦ -೩೩೮೯೧೪೩			
022	ಗೀತಾಜ್ಯೋತಿ-ಸಂಪಾದಕರ ನುಡಿ-ಸ್ವರ್ಣವಲ್ಲೀ ಮಠ 	Kannada	2011		154		ವಿದ್ವಾನ್ ಎನ್. ರಂಗನಾಥ ಶರ್ಮಾ		ಶ್ರೀ ಭಗವತ್ಪಾದ ಪ್ರಕಾಶನ			ಪ್ರಥಮ ಮುದ್ರಣ	
023	ಸಿದ್ಧಾಂತ ಬಿಂದು-ಭದ್ರಂ. ಶಿವಂ. ಮಂಗಳಮ್	Kannada	2010		228		ಶ್ರೀ ಮಧುಸೂದನ ಸರಸ್ವತಿ	ಪ್ರೊ. ಎಂ. ಎ. ಹೆಗಡೆ	ಉದಯ ಪ್ರಕಾಶನ		ಪ್ರೊ. ಎಂ. ಎ. ಹೆಗಡೆ	ಮೊದಲ ಮುದ್ರಣ	
024	ಸಮಯೋಚಿತ ಪದ್ಯಗಳು-ಮುನ್ನುಡಿ 	Kannada	2002		144		ವಿದ್ವಾನ್ ಎನ್. ರಂಗನಾಥ ಶರ್ಮಾ	ಎನ್. ವಿ. ಅನಂತರಾಮಯ್ಯ	ಶ್ರೀ ನರಸಿಂಹರಾಜಾ ಕಾಲೋನಿ ಅಸೋಸಿಯೇಷನ್		ಹಕ್ಕುಗಳು ಕಾದಿರಿಸಲ್ಪಟ್ಟಿವೆ		
025	ವಾಲ್ಮೀಕಿ ಮುನಿಗಳ ಹಾಸ್ಯ ಪ್ರವೃತ್ತಿ 	Kannada	1996	24	78	ಇದೆ	ವಿದ್ವಾನ್ ಎನ್. ರಂಗನಾಥ ಶರ್ಮಾ		ಉದಯ ಪ್ರಕಾಶನ , ೯೮೪, ೧೧ ನೇ ಮುಖ್ಯ ರಸ್ತೆ, ೩ ನೇ ವಿಭಾಗ, ರಾಜಾಜಿ ನಗರ, ಬೆಂಗಳೂರು – ೫೬೦೦೧೦	೦೮೦ -೩೩೮೯೧೪೩			
026	ವ್ಯಾಸ ರಹಸ್ಯ	Kannada	1996, (1999)	30	78	ಇದೆ	ವಿದ್ವಾನ್ ಎನ್. ರಂಗನಾಥ ಶರ್ಮಾ		ಉದಯ ಪ್ರಕಾಶನ , ೯೮೪, ೧೧ ನೇ ಮುಖ್ಯ ರಸ್ತೆ, ೩ ನೇ ವಿಭಾಗ, ರಾಜಾಜಿ ನಗರ, ಬೆಂಗಳೂರು – ೫೬೦೦೧೦	೦೮೦ -೩೩೮೯೧೪೩	Author	ಪ್ರಥಮ ಮುದ್ರಣ	
027	ಯುಗ ಪುರುಷ ಶಂಕರ	Kannada	2000, 2002, 2006	15	80	ಇದೆ	ವಿದ್ವಾನ್ ಎನ್. ರಂಗನಾಥ ಶರ್ಮಾ		ವೇದಾಂತ ಭಾರತೀ (ವೇದ – ವೇದಾಂತ ಅಧ್ಯಯನ ಮತ್ತು ಸಂಶೋಧನೆ ಸಂಸ್ಥೆ ) ಚಂದ್ರಮೌಳಿ ರಸ್ತೆ, ಕೃಷ್ಣರಾಜ ನಗರ – ೫೭೧೬೦೨, ಮೈಸೂರು ಜಿಲ್ಲೆ	೦೮೨೨೩- ೨೬೨೪೭೧	ವೇದಾಂತಭಾರತೀ	ತೃತೀಯ ಮುದ್ರಣ	
028	ಮಾನವ ಧರ್ಮಶಾಸ್ತ್ರ ಮತ್ತು ಮಹಿಳೆ	Kannada	2004	90	180	ಇದೆ	ವಿದ್ವಾನ್ ಎನ್. ರಂಗನಾಥ ಶರ್ಮಾ		ಶ್ರೀ ಭಗವತ್ಪಾದ ಪ್ರಕಾಶನ, ಶ್ರೀ ಸೋಂದಾ ಸ್ವರ್ಣವಲ್ಲೀ ಮಹಾಸಂಸ್ಥಾನ, ಮಠದೇವಳ, ಶಿರಸಿ – ೫೮೧೩೩೬	೦೮೦ -೩೩೮೯೧೪೩		ಪ್ರಥಮ ಮುದ್ರಣ	
029	ಹೊಸಗನ್ನಡ ವ್ಯಾಕರಣ	Kannada	2010	50	138	ಇದೆ	ವಿದ್ವಾನ್ ಎನ್. ರಂಗನಾಥ ಶರ್ಮಾ		 ಕನ್ನಡ ಸಾಹಿತ್ಯ ಪರಿಷತ್ , ಪಂಪ ಮಹಾಕವಿ ರಸ್ತೆ, ಚಾಮರಾಜಪೇಟೆ ಬೆಂಗಳೂರು – ೫೬೦೦೧೮	೦೮೦ -೩೩೮೯೧೪೩	ಹಕ್ಕುಗಳನ್ನು ಕಾಯ್ದಿರಿಸಿದೆ		
030	ವ್ಯಾಕರಣ ಶಾಸ್ತ್ರದ ಪರಿವಾರ	Kannada	2002	94	218	ಇಲ್ಲ	ವಿದ್ವಾನ್ ಎನ್. ರಂಗನಾಥ ಶರ್ಮಾ		ರಾಷ್ಟ್ರಕವಿ ಗೋವಿಂದ ಪೈ ಸಂಶೋಧನ ಕೇಂದ್ರ, ಉಡುಪಿ – ೨ ಮತ್ತು ಶ್ರೀ ಜನಾರ್ದನ ಮತ್ತು ಮಹಾಕಾಳಿ ದೇವಾಲಯ , ಅಂಬಲಪಾಡಿ	೦೮೦ -೩೩೮೯೧೪೩	All Rights Reseved	ಪ್ರಥಮ ಮುದ್ರಣ	
031	ಪಂಚದಶೀ ಪ್ರವಚನ 	Kannada	2003	0.5	574	ಇದೆ	ವಿದ್ವಾನ್ ಎನ್. ರಂಗನಾಥ ಶರ್ಮಾ		ವೇದಾಂತ ಭಾರತೀ, ಚಂದ್ರಮೌಳಿ ರಸ್ತೆ, ಕೃಷ್ಣರಾಜ ನಗರ – ೫೭೧೬೦೨, ಮೈಸೂರು ಜಿಲ್ಲೆ	೦೮೦ -೩೩೮೯೧೪೩	ವೇದಾಂತಭಾರತೀ	ಪ್ರಥಮ ಮುದ್ರಣ	
032	ಶ್ರೀರಾಮಕಥಾ ಮಂಜರಿ	Kannada	2000	160	535	ಇದೆ	ವಿದ್ವಾನ್ ಎನ್. ರಂಗನಾಥ ಶರ್ಮಾ		ರಾಮಾಯಣ ಪ್ರಕಾಶನ ಸಮಿತಿ , ನರಸಿಂಹರಾಜ ಕಾಲೋನಿ, ಬೆಂಗಳೂರು – ೫೬೦೦೧೯	೦೮೦ -೩೩೮೯೧೪೩	ಲೇಖಕರರು	ಮೊದಲ ಮುದ್ರಣ	
033	ವಾಲಿವಧಪ್ರಸಂಗ	Kannada	1998	10	41	ಇಲ್ಲ	ವಿದ್ವಾನ್ ಎನ್. ರಂಗನಾಥ ಶರ್ಮಾ		ಶ್ರೀ ನರಸಿಂಹರಾಜಕಾಲೋನಿ ಅಸೋಸಿಯೇಷನ್ , ಶ್ರೀ ರಾಮ ಮಂದಿರ, ನರಸಿಂಹರಾಜಕಾಲೋನಿ, ಬೆಂಗಳೂರು- ೫೬೦೦೧೯	೦೮೦-೨೬೭೨೦೨೩೧	Reserved	ಪ್ರಥಮ ಮುದ್ರಣ	
034	ವಾಲ್ಮೀಕಿ ರಾಮಾಯಣದ ನಾಲ್ಕು ಪತ್ರಗಳು	Kannada	1996	15	92	ಇಲ್ಲ	ವಿದ್ವಾನ್ ಎನ್. ರಂಗನಾಥ ಶರ್ಮಾ		ರಾಷ್ಟ್ರಕವಿ ಗೋವಿಂದ ಪೈ ಸಂಶೋಧನ ಕೇಂದ್ರ, ಉಡುಪಿ – ೨ ಮತ್ತು ಶ್ರೀ ಜನಾರ್ದನ ಮತ್ತು ಮಹಾಕಾಳಿ ದೇವಾಲಯ , ಅಂಬಲಪಾಡಿ	೦೮೦ -೩೩೮೯೧೪೩		ಪ್ರಥಮ ಮುದ್ರಣ	
035	ವರದ ಪುರದ ವರದ ಯೋಗಿ	Kannada	2006	25	76	ಇದೆ	ವಿದ್ವಾನ್ ಎನ್. ರಂಗನಾಥ ಶರ್ಮಾ		ಶ್ರೀ ಶ್ರೀಧರಸೇವಾ ಮಹಾ ಮಂಡಲ(ರಿ), ಶ್ರೀಶ್ರೀಧರಾಶ್ರಮ, ಶ್ರೀಕ್ಷೇತ್ರ ವರದಪುರ. ಯಡಜಿಗಳೇ ಮನೆ ಅಂಚೆ, ಸಾಗರ ತಾಲ್ಲೂಕು, ಶಿವಮೊಗ್ಗ ಜಿಲ್ಲೆ, ಕರ್ನಾಟಕ – ೫೭೭೪೦೧	೦೮೦ -೩೩೮೯೧೪೩		ಎರಡನೆ ಮುದ್ರಣ	
036	ಹುಬ್ಬಳ್ಳಿಯ ಸಿದ್ಧಪುರುಷ 	Kannada	2001	30	100	ಇದೆ	ವಿದ್ವಾನ್ ಎನ್. ರಂಗನಾಥ ಶರ್ಮಾ		 ಶ್ರೀಸಿದ್ಧಾರೂಢ ಮಿಷನ್(ರಿ) , ಚಿಕ್ಕೆಲ್ಲೂರು ರಸ್ತೆ, ರಾಮೋಹಳ್ಳಿ, ಕೆಂಗೇರಿ ಹೋಬಳಿ, ಬೆಂಗಳೂರು ದಕ್ಷಿಣ ತಾ|| ೫೬೦೦೭೪	೦೮೦ -೩೩೮೯೧೪೩	ಪ್ರಕಾಶಕರ ಅಧೀನ	ಪ್ರಥಮ ಮುದ್ರಣ	
037	ದಿವ್ಯಜ್ಯೋತಿ ಶಂಕರ	Kannada	2002	15	74	ಇದೆ	ವಿದ್ವಾನ್ ಎನ್. ರಂಗನಾಥ ಶರ್ಮಾ		ವೇದಾಂತ ಭಾರತೀ (ವೇದ – ವೇದಾಂತ ಅಧ್ಯಯನ ಮತ್ತು ಸಂಶೋಧನೆ ಸಂಸ್ಥೆ ) ಚಂದ್ರಮೌಳಿ ರಸ್ತೆ, ಕೃಷ್ಣರಾಜ ನಗರ – ೫೭೧೬೦೨, ಮೈಸೂರು ಜಿಲ್ಲೆ.	೦೮೦ -೩೩೮೯೧೪೩	ವೇದಾಂತಭಾರತೀ	ಪ್ರಥಮ ಮುದ್ರಣ	
038	ಆಸ್ತಿಕ ಪರ್ವ 	Kannada	2007	50	86	ಇದೆ	ವಿದ್ವಾನ್ ಎನ್. ರಂಗನಾಥ ಶರ್ಮಾ		ಶ್ರೀ ಭಗವತ್ಪಾದ ಪ್ರಕಾಶನ, ಶ್ರೀ ಸೋಂದಾ ಸ್ವರ್ಣವಲ್ಲೀ ಮಹಾಸಂಸ್ಥಾನ , ಮಠದೇವಳ, ಶಿರಸಿ – ೫೮೧ ೩೩೬	೦೮೦ -೩೩೮೯೧೪೩		ಪ್ರಥಮ ಮುದ್ರಣ	
039	ಪುರಾಣಗಳ ನೆಲೆ ತತ್ತ್ವವಿಚಾರ 	Kannada	2010	50	90	ಇದೆ	ವಿದ್ವಾನ್ ಎನ್. ರಂಗನಾಥ ಶರ್ಮಾ		 ಉದಯ ಪ್ರಕಾಶನ , ೯೮೪, ೧೧ ನೇ ಮುಖ್ಯ ರಸ್ತೆ, ೩ ನೇ ವಿಭಾಗ, ರಾಜಾಜಿ ನಗರ, ಬೆಂಗಳೂರು – ೫೬೦೦೧೦	೦೮೦ -೩೩೮೯೧೪೩		ಪ್ರಥಮ ಮುದ್ರಣ	
040	ಉಪನಿಷತ್ತಿನ ಕಥೆಗಳು 	Kannada	1993	8	50	ಇಲ್ಲ	ವಿದ್ವಾನ್ ಎನ್. ರಂಗನಾಥ ಶರ್ಮಾ		ಶ್ರೀಶಾರದಾ ಟ್ರಸ್ಟ್, ೪೫೮೧, ಗೋಮತಿ -ನರಸಿಂಹರಾಜ ಮೊಹೆಲ್ಲಾ, ಮೈಸೂರು – ೫೭೦೦೦೪	೦೮೦ -೩೩೮೯೧೪೩	ಎಲ್ಲಾ ಹಕ್ಕುಗಳೂ ಪ್ರಕಾಶಕರದು		
041	ವಸಿಷ್ಠ 	Kannada	 1974, 2000, 2006	8	43	ಇದೆ	ವಿದ್ವಾನ್ ಎನ್. ರಂಗನಾಥ ಶರ್ಮಾ		ರಾಷ್ಟ್ರೋತ್ಥಾನ ಸಾಹಿತ್ಯ , ಕೆಂಪೇಗೌಡನಗರ, ಬೆಂಗಳೂರು- ೧೯	೦೮೦ -೩೩೮೯೧೪೩	ಪ್ರಕಾಶಕರು	ಮೂರನೇ ಮುದ್ರಣ	
042	ನಾರದ	Kannada	1973, 2000, 2007	8	43	ಇದೆ	ವಿದ್ವಾನ್ ಎನ್. ರಂಗನಾಥ ಶರ್ಮಾ		ರಾಷ್ಟ್ರೋತ್ಥಾನ ಸಾಹಿತ್ಯ , ಕೆಂಪೇಗೌಡನಗರ, ಬೆಂಗಳೂರು- ೧೯	೦೮೦ -೩೩೮೯೧೪೩	ಪ್ರಕಾಶಕರು	ಮೂರನೇ ಮುದ್ರಣ	
043	ಲಕ್ಷ್ಮಿ	Kannada	1978, 1997, 2000, 2006	8	44	ಇದೆ	ವಿದ್ವಾನ್ ಎನ್. ರಂಗನಾಥ ಶರ್ಮಾ		ರಾಷ್ಟ್ರೋತ್ಥಾನ ಸಾಹಿತ್ಯ , ಕೆಂಪೇಗೌಡನಗರ, ಬೆಂಗಳೂರು- ೧೯	೦೮೦ -೩೩೮೯೧೪೩	ಪ್ರಕಾಶಕರು	ನಾಲ್ಕನೆ ಮುದ್ರಣ	
044	ಭಾರತಿಯ ದರ್ಶನ	Kannada	1997		552				ಸರ್ಕಾರಿ ಪಠ್ಯ ಪುಸ್ತಕ ಮುದ್ರಣಾಲಯ, ಮೈಸೂರು				
045	ವರದಹಳ್ಳಿ ಶ್ರಿಧರಸ್ವಾಮಿಗಳು	Kannada	1981	2	60	ಇದೆ	ವಿದ್ವಾನ್ ಎನ್. ರಂಗನಾಥ ಶರ್ಮಾ		ಐಬಿಎಚ್ ಪ್ರಕಾಶನ , ೫ನೇ ಮುಖ್ಯರಸ್ತೆ, ಗಾಂಧಿ ನಗರ , ಬೆಂಗಳೂರು, ೫೬೦೦೦೯	೦೮೦ -೩೩೮೯೧೪೩	1981 by the Publisher	ಮೊದಲ ಮುದ್ರಣ	
046	ವೀರಕಂಪಣರಾಯ	Kannada	1983, 1988	3.5	60	ಇಲ್ಲ	ವಿದ್ವಾನ್ ಎನ್. ರಂಗನಾಥ ಶರ್ಮಾ		ಐಬಿಎಚ್ ಪ್ರಕಾಶನ , ೫ನೇ ಮುಖ್ಯರಸ್ತೆ, ಗಾಂಧಿ ನಗರ , ಬೆಂಗಳೂರು, ೫೬೦೦೦೯	೦೮೦ -೩೩೮೯೧೪೩	1988 by the Publisher	ಎರಡನೆಯ ಮುದ್ರಣ 1988	
047	ಮಾಂಡೂಕ್ಯಪ್ರವಚನ	Kannada	2006	175	236	ಇದೆ	ವಿದ್ವಾನ್ ಎನ್. ರಂಗನಾಥ ಶರ್ಮಾ		ಸ್ವಯಂಪ್ರಕಾಶ ಗ್ರಂಥಮಾಲಾ ,ಆದಿಶಂಕರಾಚಾರ್ಯ ಶ್ರೀಶಾರದಾ – ಲಕ್ಷ್ಮೀನೃಸಿಂಹ ಪೀಠ, ಶ್ರೀಮಠ, ಹರಿಹರಪುರ – ೫೭೭೧೨೦	೦೮೨೬೫-೨೭೪೧೦೦	Publisher	First Edition	
048	ಸಂದರ್ಭ ಸೂಕ್ತಿ	Kannada	1987	15	132	ಇಲ್ಲ	ವಿದ್ವಾನ್ ಎನ್. ರಂಗನಾಥ ಶರ್ಮಾ		ಐಬಿಎಚ್ ಪ್ರಕಾಶನ , ೫ನೇ ಮುಖ್ಯರಸ್ತೆ, ಗಾಂಧಿ ನಗರ , ಬೆಂಗಳೂರು, ೫೬೦೦೦೯	೦೮೦ -೩೩೮೯೧೪೩	Author 1987	First Edition	
049	ಸಂಜಯ	Kannada	2010		44		ವಿದ್ವಾನ್ ಎನ್. ರಂಗನಾಥ ಶರ್ಮಾ		ರಾಷ್ಟ್ರೋತ್ಥಾನ ಸಾಹಿತ್ಯ		ಪ್ರಕಾಶಕರು	ಮೊದಲ ಮುದ್ರಣ	
050	ವ್ಯಾಸ ತಾತ್ಪರ್ಯ ನಿರ್ಣಯ 	Kannada	1995	45	158	ಇದೆ	ವಿದ್ವಾನ್ ಎನ್. ರಂಗನಾಥ ಶರ್ಮಾ		ಉದಯ ಪ್ರಕಾಶನ , ೯೮೪, ೧೧ ನೇ ಮುಖ್ಯ ರಸ್ತೆ, ೩ ನೇ ವಿಭಾಗ, ರಾಜಾಜಿ ನಗರ, ಬೆಂಗಳೂರು – ೫೬೦೦೧೦.	೦೮೦ -೩೩೮೯೧೪೩		First Edition 1995	
051	ಸೂಕ್ತಿ ವ್ಯಾಪ್ತಿ ಭಾಗ ೧ 	Kannada	1991, 1994	30	190	ಇದೆ	ವಿದ್ವಾನ್ ಎನ್. ರಂಗನಾಥ ಶರ್ಮಾ		ರಾಷ್ಟ್ರೋತ್ಥಾನ ಸಾಹಿತ್ಯ , ಕೆಂಪೇಗೌಡನಗರ, ಬೆಂಗಳೂರು- ೧೯	೦೮೦ -೩೩೮೯೧೪೩		ಎರಡನೆ ಮುದ್ರಣ ೧೯೯೪	
052	ಸೂಕ್ತಿ ವ್ಯಾಪ್ತಿ ಭಾಗ ೨	Kannada	1999, 2002	35	174	ಇದೆ	ವಿದ್ವಾನ್ ಎನ್. ರಂಗನಾಥ ಶರ್ಮಾ		ರಾಷ್ಟ್ರೋತ್ಥಾನ ಸಾಹಿತ್ಯ , ಕೆಂಪೇಗೌಡನಗರ, ಬೆಂಗಳೂರು- ೧೯	೦೮೦ -೩೩೮೯೧೪೩	ರಾಷ್ಟ್ರೋತ್ಥಾನ ಸಾಹಿತ್ಯ	ಎರಡನೆ ಮುದ್ರಣ	
053	ಸೂಕ್ತಿ ವ್ಯಾಪ್ತಿ ಭಾಗ ೩	Kannada	2004	35	104	ಇದೆ	ವಿದ್ವಾನ್ ಎನ್. ರಂಗನಾಥ ಶರ್ಮಾ		ರಾಷ್ಟ್ರೋತ್ಥಾನ ಸಾಹಿತ್ಯ , ಕೆಂಪೇಗೌಡನಗರ, ಬೆಂಗಳೂರು- ೧೯	೦೮೦ -೩೩೮೯೧೪೩	ರಾಷ್ಟ್ರೋತ್ಥಾನ ಸಾಹಿತ್ಯ	ಮೊದಲ ಮುದ್ರಣ	
054	ಸಂಕ್ಷೇಪ ರಾಮಾಯಣ 	Kannada	2005		60	ಇದೆ		ವಿದ್ವಾನ್ ಎನ್. ರಂಗನಾಥ ಶರ್ಮಾ	ಶ್ರೀಭಾರತೀಪ್ರಕಾಶನ, ಶ್ರೀರಾಮಚಂದ್ರಾಪುರ ಮಠ, ಶ್ರೀರಾಮಾಶ್ರಮ, ೨ಎ, ಜೆ.ಪಿ. ರಸ್ತೆ, ಗಿರಿನಗರ ಬೆಂಗಳೂರು -೫೬೦೦೮೫	೦೮೦ -೩೩೮೯೧೪೩	ಶ್ರೀಭಾರತೀ ಪ್ರಕಾಶನ	ಪ್ರಥಮ ಮುದ್ರಣ	
055	ಶ್ರೀಶಂಕರಚರಿತಾಮೃತಮ್ 	Kannada	2007	30	70	ಇದೆ		ವಿದ್ವಾನ್ ಎನ್. ರಂಗನಾಥ ಶರ್ಮಾ	ಉದಯ ಪ್ರಕಾಶನ , ೯೮೪, ೧೧ ನೇ ಮುಖ್ಯ ರಸ್ತೆ, ೩ ನೇ ವಿಭಾಗ, ರಾಜಾಜಿ ನಗರ, ಬೆಂಗಳೂರು – ೫೬೦೦೧೦		N. Ranganatha Sharma	Third Edition	
056		Kannada											
057	ಮಾಧವೀಯ ಶಂಕರ ದಿಗ್ವಿಜಯ-೧	Kannada	1996	50	384	ಇದೆ		ವಿದ್ವಾನ್ ಎನ್. ರಂಗನಾಥ ಶರ್ಮಾ	 ಶ್ರೀಜಗದ್ಗುರು ಶಂಕರಾಚಾರ್ಯ ಮಹಾಸಂಸ್ಥಾನಮ್ ದಕ್ಷಿಣಾಮ್ನಾಯ ಶ್ರೀಶಾರದಾ ಪೀಠಂ, ಶೃಂಗೇರಿ ೫೭೭೧೩೯	೦೮೦ -೩೩೮೯೧೪೩	ಹಕ್ಕನ್ನು ಕಾದರಿಸಲಾಗಿದೆ	ಪ್ರ್ರಥಮ ಮುದ್ರಣ	
058	ಮಾಧವೀಯ ಶಂಕರ ದಿಗ್ವಿಜಯ-೨	Kannada	1997	75	389	ಇದೆ		ವಿದ್ವಾನ್ ಎನ್. ರಂಗನಾಥ ಶರ್ಮಾ	: ಶ್ರೀಜಗದ್ಗುರು ಶಂಕರಾಚಾರ್ಯ ಮಹಾಸಂಸ್ಥಾನಮ್ ದಕ್ಷಿಣಾಮ್ನಾಯ ಶ್ರೀಶಾರದಾ ಪೀಠಂ, ಶೃಂಗೇರಿ ೫೭೭೧೩೯	೦೮೦ -೩೩೮೯೧೪೩	ಹಕ್ಕನ್ನು ಕಾದರಿಸಲಾಗಿದೆ	ಪ್ರ್ರಥಮ ಮುದ್ರಣ	
059	ಶ್ರೀಮದ್ವಾಲ್ಮೀಕಿರಾಮಾಯಣ ಬಾಲ ಕಾಂಡ	Kannada	1966, 2007	80	486	ಇದೆ		ವಿದ್ವಾನ್ ಎನ್. ರಂಗನಾಥ ಶರ್ಮಾ	ರಾಮಾಯಣ ಪ್ರಕಾಶನ ಸಮಿತಿ , ನರಸಿಂಹರಾಜ ಕಾಲೋನಿ, ಬೆಂಗಳೂರು – ೫೬೦೦೧೯	೦೮೦ -೩೩೮೯೧೪೩	ರಾಮಾಯಣ ಪ್ರಕಾಶನ ಸಮಿತಿ	ಆರನೇ ಮುದ್ರಣ	
060	ಅಯೋಧ್ಯಾಕಾಂಡ 	Kannada	1967, 2007	70	464	ಇದೆ		ವಿದ್ವಾನ್ ಎನ್. ರಂಗನಾಥ ಶರ್ಮಾ	ರಾಮಾಯಣ ಪ್ರಕಾಶನ ಸಮಿತಿ , ನರಸಿಂಹರಾಜ ಕಾಲೋನಿ, ಬೆಂಗಳೂರು – ೫೬೦೦೧೯	೦೮೦ -೩೩೮೯೧೪೩	ಹಕ್ಕಗಳನ್ನು ಕಾದರಿಸಲಾಗಿದೆ	ಆರನೇ ಮುದ್ರಣ	
061	ಅಯೋಧ್ಯಾಕಾಂಡ-೨	Kannada	2007		452			ವಿದ್ವಾನ್ ಎನ್. ರಂಗನಾಥ ಶರ್ಮಾ	ರಾಮಾಯಣ ಪ್ರಕಾಶನ ಸಮಿತಿ , ನರಸಿಂಹರಾಜ ಕಾಲೋನಿ, ಬೆಂಗಳೂರು – ೫೬೦೦೧೯		ಹಕ್ಕಗಳನ್ನು ಕಾದರಿಸಲಾಗಿದೆ	ಆರನೇ ಮುದ್ರಣ	
062	ಅರಣ್ಯ ಕಾಂಡ 	Kannada	1968, 1986	40	522	ಇದೆ		ವಿದ್ವಾನ್ ಎನ್. ರಂಗನಾಥ ಶರ್ಮಾ	ರಾಮಾಯಣ ಪ್ರಕಾಶನ ಸಮಿತಿ , ನರಸಿಂಹರಾಜ ಕಾಲೋನಿ, ಬೆಂಗಳೂರು – ೫೬೦೦೧೯	೦೮೦ -೩೩೮೯೧೪೩	ರಾಮಾಯಣ ಪ್ರಕಾಶನ ಸಮಿತಿ	ಮೂರನೆಯ ಮುದ್ರಣ	
063	ಕಿಷ್ಕಿಂಧಾ ಕಾಂಡ 	Kannada	1969, 1979, 1986, 2006	70	536	ಇದೆ		ವಿದ್ವಾನ್ ಎನ್. ರಂಗನಾಥ ಶರ್ಮಾ	ರಾಮಾಯಣ ಪ್ರಕಾಶನ ಸಮಿತಿ , ನರಸಿಂಹರಾಜ ಕಾಲೋನಿ, ಬೆಂಗಳೂರು – ೫೬೦೦೧೯	೦೮೦ -೩೩೮೯೧೪೩	ರಾಮಾಯಣ ಪ್ರಕಾಶನ ಸಮಿತಿ	ನಾಲ್ಕನೆಯ ಮುದ್ರಣ	
064	ಯುದ್ಧಕಾಂಡ	Kannada	1969, 2007	80	616	ಇದೆ		ವಿದ್ವಾನ್ ಎನ್. ರಂಗನಾಥ ಶರ್ಮಾ	ರಾಮಾಯಣ ಪ್ರಕಾಶನ ಸಮಿತಿ , ನರಸಿಂಹರಾಜ ಕಾಲೋನಿ, ಬೆಂಗಳೂರು – ೫೬೦೦೧೯	೦೮೦ -೩೩೮೯೧೪೩	ರಾಮಾಯಣ ಪ್ರಕಾಶನ ಸಮಿತಿ	ಐದನೆಯ ಮುದ್ರಣ	
065	ಯುದ್ಧಕಾಂಡ-೨	Kannada	1970, 2006	80	621	ಇದೆ		ವಿದ್ವಾನ್ ಎನ್. ರಂಗನಾಥ ಶರ್ಮಾ	ರಾಮಾಯಣ ಪ್ರಕಾಶನ ಸಮಿತಿ , ನರಸಿಂಹರಾಜ ಕಾಲೋನಿ, ಬೆಂಗಳೂರು – ೫೬೦೦೧೯	೦೮೦ -೩೩೮೯೧೪೩	ರಾಮಾಯಣ ಪ್ರಕಾಶನ ಸಮಿತಿ	ಐದನೆಯ ಮುದ್ರಣ	
066	ಉತ್ತರ ಕಾಂಡ	Kannada	1974, 2010	125	688	ಇದೆ		ವಿದ್ವಾನ್ ಎನ್. ರಂಗನಾಥ ಶರ್ಮಾ	ರಾಮಾಯಣ ಪ್ರಕಾಶನ ಸಮಿತಿ , ನರಸಿಂಹರಾಜ ಕಾಲೋನಿ, ಬೆಂಗಳೂರು – ೫೬೦೦೧೯	೦೮೦ -೩೩೮೯೧೪೩	ರಾಮಾಯಣ ಪ್ರಕಾಶನ ಸಮಿತಿ	ಮೊದಲನೆಯ ಮುದ್ರಣ	
067	ಶ್ರೀಮದ್ಭಾಗವತಮ್ (ಪುರ್ವಾಧ ದಶಮ)  	Kannada	1978	30	504	ಇದೆ		ವಿದ್ವಾನ್ ಎನ್. ರಂಗನಾಥ ಶರ್ಮಾ	ರಾಮಾಯಣ ಪ್ರಕಾಶನ ಸಮಿತಿ , ನರಸಿಂಹರಾಜ ಕಾಲೋನಿ, ಬೆಂಗಳೂರು – ೫೬೦೦೧೯	೦೮೦ -೩೩೮೯೧೪೩	ರಾಮಾಯಣ ಪ್ರಕಾಶನ ಸಮಿತಿ		
068	ಶ್ರೀಮದ್ಭಾಗವತಮ್ (ಉತ್ತರ ದಶಮ)  	Kannada	1983	60	472	ಇದೆ		ವಿದ್ವಾನ್ ಎನ್. ರಂಗನಾಥ ಶರ್ಮಾ	ರಾಮಾಯಣ ಪ್ರಕಾಶನ ಸಮಿತಿ , ನರಸಿಂಹರಾಜ ಕಾಲೋನಿ, ಬೆಂಗಳೂರು – ೫೬೦೦೧೯	೦೮೦ -೩೩೮೯೧೪೩	ರಾಮಾಯಣ ಪ್ರಕಾಶನ ಸಮಿತಿ	ಎರಡನೆಯ ಮುದ್ರಣ	
069	ಶ್ರೀಮದ್ಭಾಗವತಮ್ -11-12	Kannada	1990	60	634	ಇದೆ		ವಿದ್ವಾನ್ ಎನ್. ರಂಗನಾಥ ಶರ್ಮಾ	ರಾಮಾಯಣ ಪ್ರಕಾಶನ ಸಮಿತಿ , ನರಸಿಂಹರಾಜ ಕಾಲೋನಿ, ಬೆಂಗಳೂರು – ೫೬೦೦೧೯	೦೮೦ -೩೩೮೯೧೪೩	ರಾಮಾಯಣ ಪ್ರಕಾಶನ ಸಮಿತಿ	ಮೊದಲನೆಯ ಮುದ್ರಣ	
070	ಶ್ರೀವಿಷ್ಣುಪುರಾಣ- 1	Kannada	1986, 2004, 2011	120	686	ಇದೆ		ವಿದ್ವಾನ್ ಎನ್. ರಂಗನಾಥ ಶರ್ಮಾ	ರಾಮಕೃಷ್ಣ ಮಠ ಬೆಂಗಳೂರು- ೫೬೦೦೧೯	೦೮೦ -೩೩೮೯೧೪೩	ಎಲ್ಲ ಹಕ್ಕುಗಳೂ ಪ್ರಕಾಶಕರಿಗೆ ಸೇರಿವೆ.	ಮೂರನೆಯ ಮುದ್ರಣ	
071	ಶ್ರೀವಿಷ್ಣುಪುರಾಣ-2	Kannada	1988, 2000	210	676	ಇದೆ		ವಿದ್ವಾನ್ ಎನ್. ರಂಗನಾಥ ಶರ್ಮಾ	ರಾಮಕೃಷ್ಣ ಮಠ ಬೆಂಗಳೂರು- ೫೬೦೦೧೯	೦೮೦ -೩೩೮೯೧೪೩	ಎಲ್ಲ ಹಕ್ಕುಗಳೂ ಪ್ರಕಾಶಕರಿಗೆ ಸೇರಿದ್ದು	ಎರಡನೆಯ ಮುದ್ರಣ	
072	ಶ್ರೀಗುರುಪರಂಪರಾ ಚರಿತಮ್	Kannada	1969, 2007	30	50	ಇದೆ	ವಿದ್ವಾನ್ ಎನ್. ರಂಗನಾಥ ಶರ್ಮಾ		ಉದಯ ಪ್ರಕಾಶನ , ೯೮೪, ೧೧ ನೇ ಮುಖ್ಯ ರಸ್ತೆ, ೩ ನೇ ವಿಭಾಗ, ರಾಜಾಜಿ ನಗರ, ಬೆಂಗಳೂರು – ೫೬೦೦೧೦			ಮೊದಲನೆಯ ಮುದ್ರಣ	
073	ಗೀತಸಪ್ತಕ	Kannada	2007	40	114	ಇದೆ		ವಿದ್ವಾನ್ ಎನ್. ರಂಗನಾಥ ಶರ್ಮಾ	ಶ್ರೀಶಂಕರ ಸೇವಾ ಸಮಿತಿ (ರಿ) , ಸಿದ್ಧಾಪುರ, ಉತ್ತರಕನ್ನಡ ಜಿಲ್ಲೆ, ೫೮೧೩೫೫	೦೮೦ -೩೩೮೯೧೪೩	Vidwan N Ranganatha Sharma		
074	ಅಮರಕೋಶ	Kannada	1975, 2008	210	492	ಇದೆ	ವಿದ್ವಾನ್ ಎನ್. ರಂಗನಾಥ ಶರ್ಮಾ		ಕಾವ್ಯಾಲಯ, ಜಯನಗರ, ಮೈಸೂರು – ೫೭೦೦೧೪	೦೮೦ -೩೩೮೯೧೪೩	All Rights Reseved by Kavyalaya Publishers, Jayangar, Mysore - 14		
075	ಉತ್ತರಗೀತಾಭಾಷ್ಯ	Kannada	2008	150	64	ಇದೆ		ವಿದ್ವಾನ್ ಎನ್. ರಂಗನಾಥ ಶರ್ಮಾ	 ಶ್ರೀ ಯು. ಪುಂಡಲೀಕ ಶೆಣೈ ಮೆಮೋರಿಯಲ್ ಟ್ರಸ್ಟ್(ರಿ) , ಒಂದನೇ ಮಹಡಿ, ವಾಸುದೇವ ಸದನ, ಶ್ರೀ ವೆಂಕಟ್ರಮಣ ದೇವಸ್ಥಾನ ರಸ್ತೆ, ತೆಂಕಪೇಟೆ , ಉಡುಪಿ- ೫೭೬೧೦೧	೦೮೨೬೫-೨೭೪೧೦೦			
076	ಸಾಂಖ್ಯ ಕಾರಿಕಾ ಭಾಷ್ಯ	Kannada	2008	250	80	ಇದೆ		ವಿದ್ವಾನ್ ಎನ್. ರಂಗನಾಥ ಶರ್ಮಾ	ಶ್ರೀ ಯು. ಪುಂಡಲೀಕ ಶೆಣೈ ಮೆಮೋರಿಯಲ್ ಟ್ರಸ್ಟ್(ರಿ) , ಒಂದನೇ ಮಹಡಿ, ವಾಸುದೇವ ಸದನ, ಶ್ರೀ ವೆಂಕಟ್ರಮಣ ದೇವಸ್ಥಾನ ರಸ್ತೆ, ತೆಂಕಪೇಟೆ , ಉಡುಪಿ- ೫೭೬೧೦೧	೦೮೨೬೫-೨೭೪೧೦೦			
077	ಜೈಮಿನಿ ಭಾರತ	Kannada	2009	135	336	ಇದೆ		ಕಡಬದ ನಂಜುಂಡಶಾಸ್ತ್ರಿಗಳು; ವಿದ್ವಾನ್ ಎನ್. ರಂಗನಾಥ ಶರ್ಮಾ	ಕನ್ನಡ ಸಾಹಿತ್ಯ ಪರಿಷತ್ , ಪಂಪಮಹಾಕವಿ ರಸ್ತೆ, ಚಾಮರಾಜಪೇಟೆ, ಬೆಂಗಳೂರು, ೫೬೦೦೧೮	೦೮೦ -೩೩೮೯೧೪೩	ಹಕ್ಕುಗಳನ್ನು ಕಾಯ್ದಿರಿಸಿದೆ	ಮೊದಲನೆಯ ಮುದ್ರಣ	
078	ಹದಿ ಬದೆಯ ಧರ್ಮ	Kannada	(2004), 2011	50	154	ಇದೆ		ವಿದ್ವಾನ್ ಎನ್. ರಂಗನಾಥ ಶರ್ಮಾ	ಕನ್ನಡ ಸಾಹಿತ್ಯ ಪರಿಷತ್ , ಪಂಪಮಹಾಕವಿ ರಸ್ತೆ, ಚಾಮರಾಜಪೇಟೆ, ಬೆಂಗಳೂರು, ೫೬೦೦೧೮	೦೮೦ -೩೩೮೯೧೪೩	ಹಕ್ಕುಗಳನ್ನು ಕಾಯ್ದಿರಿಸಿದೆ	ಮೊದಲನೆಯ ಮುದ್ರಣ	
079	ಹರಿಭಕ್ತಿ ಸಾರ	Kannada	2009	20	54	ಇದೆ		ವಿದ್ವಾನ್ ಎನ್. ರಂಗನಾಥ ಶರ್ಮಾ	ಕನ್ನಡ ಸಾಹಿತ್ಯ ಪರಿಷತ್ , ಪಂಪಮಹಾಕವಿ ರಸ್ತೆ, ಚಾಮರಾಜಪೇಟೆ, ಬೆಂಗಳೂರು, ೫೬೦೦೧೮ 	೦೮೦ -೩೩೮೯೧೪೩	ಹಕ್ಕುಗಳನ್ನು ಕಾಯ್ದಿರಿಸಿದೆ	ಮೊದಲನೆಯ ಮುದ್ರಣ	
080	ವಿದುರ ನೀತಿ	Kannada	2007	30	66	ಇದೆ		ವಿದ್ವಾನ್ ಎನ್. ರಂಗನಾಥ ಶರ್ಮಾ	ಕನ್ನಡ ಸಾಹಿತ್ಯ ಪರಿಷತ್ , ಪಂಪಮಹಾಕವಿ ರಸ್ತೆ, ಚಾಮರಾಜಪೇಟೆ, ಬೆಂಗಳೂರು, ೫೬೦೦೧೮	೦೮೦ -೩೩೮೯೧೪೩	ಹಕ್ಕುಗಳನ್ನು ಕಾಯ್ದಿರಿಸಿದೆ	ಮೊದಲನೆಯ ಮುದ್ರಣ	
081	ಪ್ರಾರ್ಥನಾ ಶ್ಲೋಕಗಳು	Kannada	1980, 1990, 1991	3	20	ಇದೆ	ವಿದ್ವಾನ್ ಎನ್. ರಂಗನಾಥ ಶರ್ಮಾ		ಕನ್ನಡ ಸಾಹಿತ್ಯ ಪರಿಷತ್ , ಪಂಪಮಹಾಕವಿ ರಸ್ತೆ, ಚಾಮರಾಜಪೇಟೆ, ಬೆಂಗಳೂರು, ೫೬೦೦೧೮	೦೮೦ -೩೩೮೯೧೪೩	ಹಕ್ಕುಗಳನ್ನು ಕಾಯ್ದಿರಿಸಿದೆ	ಮೂರನೆಯ ಮುದ್ರಣ	
082	ಶ್ರುತಿ ಸಾರ ಸಮುದ್ಧರಣಮ್	Kannada	1993	35	110	ಇದೆ		ವಿದ್ವಾನ್ ಎನ್. ರಂಗನಾಥ ಶರ್ಮಾ	ಉದಯ ಪ್ರಕಾಶನ , ೯೮೪, ೧೧ ನೇ ಮುಖ್ಯ ರಸ್ತೆ, ೩ ನೇ ವಿಭಾಗ, ರಾಜಾಜಿ ನಗರ, ಬೆಂಗಳೂರು – ೫೬೦೦೧೦.	೦೮೦ -೩೩೮೯೧೪೩	All Rights Rescrved by the Translator	First Eiditon	
083	ಶ್ರೀ ಗೀತಾರ್ಥ ಪ್ರಕಾಶ	Kannada	1997		316	ಇದೆ	ವಿದ್ವಾನ್ ಎನ್. ರಂಗನಾಥ ಶರ್ಮಾ		ಗೀತಾ ಬುಕ್ ಹೌಸ್, ಪ್ರಕಾಶಕರು, ಮೈಸೂರು	೦೮೦ -೩೩೮೯೧೪೩	ಎನ್ ರಂಗನಾಥಶರ್ಮಾ	ಪ್ರಥಮ ಮುದ್ರಣ	
084	ದಶಶ್ಲೋಕೀ	Kannada	2001, 2006	6	40	ಇದೆ	ವಿದ್ವಾನ್ ಎನ್. ರಂಗನಾಥ ಶರ್ಮಾ		ಉದಯ ಪ್ರಕಾಶನ , ೯೮೪, ೧೧ ನೇ ಮುಖ್ಯ ರಸ್ತೆ, ೩ ನೇ ವಿಭಾಗ, ರಾಜಾಜಿ ನಗರ, ಬೆಂಗಳೂರು – ೫೬೦೦೧೦.			ಎರಡನೆಯ ಮುದ್ರಣ	
085	ರಾಘವಾಂಕನ ಹರಿಶ್ಚಂದ್ರ ಚರಿತೆ	Kannada	1972, 2010	50	138	ಇದೆ		ವಿದ್ವಾನ್ ಎನ್. ರಂಗನಾಥ ಶರ್ಮಾ	ಕನ್ನಡ ಸಾಹಿತ್ಯ ಪರಿಷತ್ , ಪಂಪಮಹಾಕವಿ ರಸ್ತೆ, ಚಾಮರಾಜಪೇಟೆ, ಬೆಂಗಳೂರು, ೫೬೦೦೧೮	೦೮೦ -೩೩೮೯೧೪೩	ಹಕ್ಕುಗಳನ್ನು ಕಾಯ್ದಿರಿಸಿದೆ	ಎರಡನೇ ಮುದ್ರಣ	
086	ಶ್ರೀರಾಮ ಕಥಾವೈಭವ	Kannada	1987	22	198	ಇದೆ	ವಿದ್ವಾನ್ ಎನ್. ರಂಗನಾಥ ಶರ್ಮಾ		ಶ್ರೀನರಸಿಂಹರಾಜಕಾಲೋನಿ ಅಸೋಸಿಯೇಷನ್(ರಿ) , ಶ್ರೀರಾಮಮಂದಿರ , ನರಸಿಂಹರಾಜ ಕಾಲೋನಿ, ಬೆಂಗಳೂರು – ೧೯	೦೮೦ -೩೩೮೯೧೪೩	ಶ್ರೀ ನರಸಿಂಹರಾಜ ಕಾಲೋನಿ ಅಸೋಸಿಯೇಷನ್ (ರಿ.)	ಮೊದಲನೆಯ ಮುದ್ರಣ	
087	ಕಾವ್ಯೋದ್ಯಾನಮ್	Kannada	2009		148		विद्वान् एन्. रङ्गनाथशर्मा		ग्रन्थकर्ता		Author	First Eiditon	
088	ಕುಸುಮಾಂಜಲಿಃ	Kannada	2001		62		विद्वान् एन्. रङ्गनाथशर्मा		उदयप्रकाशनम्		Author	First Eiditon	
089	ಸಂಸ್ಕೃತ ಪ್ರಥಮ್ ಪ್ರವೇಶ 	Kannada	1970		72		विद्वान् एन्. रङ्गनाथशर्मा		ಸಂಸ್ಕೃತ ಸಂವರ್ಧಿನೀ ಸಭಾ		All Rights reserved by the Author	First Eiditon	
090	ಭಾಷಾಂತರ ಪಾಠ 	Kannada	1964		50		विद्वान् एन्. रङ्गनाथशर्मा					चतुर्थं मुद्रणम्	
091	ಶಬ್ದ ಚಂದ್ರಿಕಾ 	Kannada	1994, 1995, 1998	15	180	ಇದೆ	ವಿದ್ವಾನ್ ಎನ್. ರಂಗನಾಥ ಶರ್ಮಾ		ಶ್ರೀ ಜಗದ್ಗುರು ಶಂಕರಾಚಾರ್ಯ ಮಹಾಸಂಸ್ಥಾನಮ್ ದಕ್ಷಿಣಾಮ್ನಾಯ ಶ್ರೀಶಾರದಾ ಪೀಠಮ್ ಶೃಂಗೇರಿ -೫೭೭೧೩೯		ಹಕ್ಕುಗಳು ಕಾದಿರಿಸಲ್ಪಟ್ಟಿವೆ.	ತೃತೀಯ ಮುದ್ರಣ	
092	ಸಂಸ್ಕೃತ ಭಾಷಾ ದೀಪಿಕಾ  - ೧	Kannada		50	48	ಇಲ್ಲ	विद्वान् एन्. रङ्गनाथशर्मा		ಸುರಸರಸ್ವತೀಸಭಾ ಶೃಂಗೇರಿ			प्रथम मुद्रणम्	
093	ಸಂಸ್ಕೃತ ಭಾಷಾ ದೀಪಿಕಾ  - ೨	Kannada	1993	50	82	ಇದೆ	विद्वान् एन्. रङ्गनाथशर्मा		ಸುರಸರಸ್ವತೀಸಭಾ ಶೃಂಗೇರಿ			प्रथम मुद्रणम्	
094	ಸಂಸ್ಕೃತ ಭಾಷಾ ದೀಪಿಕಾ  - ೩	Kannada	1993	50	74	ಇಲ್ಲ	विद्वान् एन्. रङ्गनाथशर्मा		ಸುರಸರಸ್ವತೀಸಭಾ ಶೃಂಗೇರಿ		ಹಕ್ಕನ್ನು ಕಾದಿರಿಸಲಾಗಿದೆ	प्रथम मुद्रणम्	
095	ಅನುವಾದ ಪ್ರದೀಪಃ - ೧	Kannada	1993		59	ಇದೆ	विद्वान् एन्. रङ्गनाथशर्मा		ಸುರಸರಸ್ವತೀಸಭಾ ಶೃಂಗೇರಿ		ಹಕ್ಕನ್ನು ಕಾದಿರಿಸಲಾಗಿದೆ	ಪಂಚಮ ಮುದ್ರಣ	
096	ಅನುವಾದ ಪ್ರದೀಪಃ - ೨	Kannada	2006		66	ಇಲ್ಲ	विद्वान् एन्. रङ्गनाथशर्मा		ಸುರಸರಸ್ವತೀಸಭಾ ಶೃಂಗೇರಿ		All rights reserved	प्रथम मुद्रणम्	
097	ವ್ಯಾಸತಾತ್ಪರ್ಯ ನಿರ್ಣಯ (ಸಂ )	Kannada	1995	35	108	ಇದೆ			ಉದಯ ಪ್ರಕಾಶನ , ೯೮೪, ೧೧ ನೇ ಮುಖ್ಯ ರಸ್ತೆ, ೩ ನೇ ವಿಭಾಗ, ರಾಜಾಜಿ ನಗರ, ಬೆಂಗಳೂರು – ೫೬೦೦೧೦.			First Eiditon	
098	ವ್ಯಾಸತಾತ್ಪರ್ಯ ನಿರ್ಣಯ (ಕ)	Kannada	1995		158			ವಿದ್ವಾನ್ ಎನ್. ರಂಗನಾಥ ಶರ್ಮಾ	ಉದಯ ಪ್ರಕಾಶನ			First Eiditon	
099	ಸಂಸ್ಕೃತಂ ನಾಮ ದೈವೀ ವಾಕ್	Kannada			36		विद्वान् एन्. रङ्गनाथशर्मा						
100	ಸಂಸ್ಕೃತ ವ್ಯಾಕರಣಸ್ಯ  ಪ್ರಾಶಸ್ತ್ಯಮ್ 	Kannada			12		विद्वान् एन्. रङ्गनाथशर्मा						
101	ಸಂಸ್ಕೃತ ಸಮ್ಮೇಳನದ ಅಧ್ಯಕ್ಷಭಾಷಣ 	Kannada	1984		20		विद्वान् एन्. रङ्गनाथशर्मा		अखिलकर्णाटकसंस्कृतपरिषदा प्रकाशितम्				
102	ಕುಕ್ಕೆಸುಬ್ರಹ್ಮಣ್ಯ ಸುಪ್ರಭಾತ 	Kannada	1994		25		ವಿದ್ವಾನ್ ಎನ್. ರಂಗನಾಥ ಶರ್ಮಾ		ಕುಕ್ಕೆ ಶ್ರೀ ಸುಬ್ರಹ್ಮಣ್ಯ ದೇವಸ್ಥಾನದ ಆಡಳಿತ ಮಂಡಳಿ		ಈ ಗ್ರಂಥದ ಸಂಪೂರ್ಣ ಹಕ್ಕು ದೇವಳದ ಆಡಳಿತ ಮಂಡಳಿಗೆ ಸೇರಿದೆ	ತೃತೀಯ ಮುದ್ರಣ	
103	ಏಕಚಕ್ರಮ್	Kannada	1990		36		विद्वान् एन्. रङ्गनाथशर्मा		अखिल कर्णाटक संस्कृत परिषत्		AKhila Karnataka Samskrita Parishat	First Eiditon	
104	ಶ್ರೀಶಾಂಕರ ಸೂಕ್ತಿ ಮಣಿಹಾರಃ	Kannada	1999	30	192	 ಇಲ್ಲ			ಅದ್ವೈತ ವಿದ್ಯಾ ಪ್ರತಿಷ್ಠಾನ, ಶ್ರೀಕೋದಂಡಾಶ್ರಮ ಮಠ, ಹೆಬ್ಬೂರು	೦೮೦ -೩೩೮೯೧೪೩	Vidwan N. Ranganatha Sharma	ಮೊದಲನೆಯ ಮುದ್ರಣ	
105	ಶ್ರೀದೇವೀ ಸ್ತೋತ್ರಮಾಲಾ	Kannada	1999		60			ವಿದ್ವಾನ್ ಎನ್. ರಂಗನಾಥ ಶರ್ಮಾ	ಅದ್ವೈತ ವಿದ್ಯಾ ಪ್ರತಿಷ್ಠಾನ		Academy of Advaitha Studies	First Eiditon	
106	ಸಾಹಿತ್ಯದ ಚತುರ್ಮುಖರು	Kannada	1993		200		ಗಮಕಿ. ಆರ್. ಶಂಕರನಾರಾಯಣ್; ವಿದ್ವಾನ್ ಎನ್. ರಂಗನಾಥ ಶರ್ಮಾ		ಸತ್ಯಶ್ರೀ ಪ್ರಕಾಶನ ಬೆಂಗಳೂರು		Rights reserved	First Eiditon	
107	ರಂಗಾಭಿನಂದನಮ್	Kannada	1994		107		विद्वान् एन्. रङ्गनाथशर्मा		श्रीरङ्गनाथशर्मणामभिनन्दनसमितिः		Publisher	First Eiditon	
108	ವಿವೇಕ ಚೂಡಾಮಣಿ -ಪರಿಚಯ	Kannada			6								
109	ಗಮಕಸಮಾಸ	Kannada			16								
110	ಆಧುನಿಕ ಕನ್ನಡ ಸಾಹಿತ್ಯದಲ್ಲಿ ಅದ್ವೈತ	Kannada			15								
111	ಶ್ರೀಧರ ಸ್ತುತಿ ಪುಷ್ಪಮಾಲೆ	Kannada			2								
112	ರಂಗನಾಥ ಲೇಖಮಂಜೂಷಾ	Kannada	2016		232		विद्वान् एन्. रङ्गनाथशर्मा		संस्कृतभारती		डा. शारदा चैत्र	द्वितीयं मुद्रणम् 	
113	ವಾಣೀವಾಹನ	Kannada	2008		126		ಡಾ. ಆರ್ ಗಣೇಶ್		ವಿ. ಸೀ. ಸಂಪದ		Author	ಪ್ರಥಮ ಮುದ್ರಣ	
114	ಶಿಷ್ಯಕಂಡಂತೆ ಗುರುಗಳು 	Kannada			14								
115	ದೀಪ್ತಶೃಂಗಗಳು	Kannada	2017		174		ಎಸ್. ಆರ್. ರಾಮಸ್ವಾಮಿ		ಸಾಹಿತ್ಯ ಸಿಂಧು ಪ್ರಕಾಶನ		ಸಾಹಿತ್ಯ ಸಿಂಧು ಪ್ರಕಾಶನ	ಮೊದಲ ಮುದ್ರಣ	
116	ಸಾಹಿತಿ ಮಾಹಿತಿ ಕೋಶ	Kannada	2010		302		ಬಿ.ಜಿ. ಸತ್ಯಮೂರ್ತಿ		ಲೇಖಕರೇ ಪ್ರಕಾಶಕರು		ಕಾದಿರಿಸಿದೆ	ಪ್ರಥಮ ಮುದ್ರಣ	
117	ಒಂದು ಚಿಂತನೆ 	Kannada	1990		17								
118	ಶ್ರೀ ರಾಮಕರ್ಣಾಮೃತಮ್ 	Kannada	1985		28		ವಿದ್ವಾನ್ ಎನ್. ರಂಗನಾಥ ಶರ್ಮಾ		ರಾಮಾಯಣ ಪ್ರಕಾಶನ ಸಮಿತಿ				
119	ಸಂಸ್ಕೃತ ಸಾಹಿತ್ಯ ತರಗತಿಗಳಿಗೆ 	Kannada	1997		406		विद्वान् एन्. रङ्गनाथशर्मा		ಸರ್ಕಾರಿ ಪಠ್ಯಪುಸ್ಕಕ ಮುದ್ರಣಾಲಯ				
120	Shaankara Stotrani	English	2017		304		Jagadguru Sri Adi Shankaracharya		वेदान्तभारती		वेदान्तभारती	First Print	
121	ತೈತ್ತಿರೀಯೋಪನಿಷತ್ ಪ್ರವಚನ 	Kannada	2007		126	ಇದೆ		ವಿದ್ವಾನ್ ಎನ್. ರಂಗನಾಥ ಶರ್ಮಾ	ವೇದಾಂತ ಭಾರತೀ (ವೇದ – ವೇದಾಂತ ಅಧ್ಯಯನ ಮತ್ತು ಸಂಶೋಧನೆ ಸಂಸ್ಥೆ ) ಚಂದ್ರಮೌಳಿ ರಸ್ತೆ, ಕೃಷ್ಣರಾಜ ನಗರ – ೫೭೧೬೦೨, ಮೈಸೂರು ಜಿಲ್ಲೆ	೦೮೨೬೫-೨೭೪೧೦೦	ವೇದಾಂತಭಾರತೀ	First Print	
122	Samskrita Shabda Chandrika	English	2003		192		Vidwan N. Ranganatha Sharma		Sri Surasaraswathi Sabha		All rights reserved	Second Edition	
123	ವಿದ್ವಾನ್. ಶ್ರೀ ನಡಹಳ್ಳಿ ರಂಗನಾಥಶರ್ಮ 	Kannada	2014		60		ವಿದ್ವಾನ್ ಶ್ರೀ ಅನಂತಶರ್ಮಾ ಭುವನಗಿರಿ		ಶ್ರೀ ರಂಗನಾಥಶರ್ಮಾ ಶತಶಾರದೋತ್ಸವ ಸಮಿತಿ,		ಹಕ್ಕುಗಳನ್ನು ಕಾದಿರಿಸಲಾಗಿದೆ	ಪ್ರಥಮ ಮುದ್ರಣ	
124	ಶ್ರೀಮದ್ವಾಲ್ಮೀಕಿ  ರಾಮಾಯಣಮ್ ಸುಂದರಕಾಂಡಃ 	Kannada	1964, 2009	100	564	ಇದೆ		ವಿದ್ವಾನ್ ಎನ್. ರಂಗನಾಥ ಶರ್ಮಾ	ರಾಮಾಯಣ ಪ್ರಕಾಶನ ಸಮಿತಿ , ನರಸಿಂಹರಾಜ ಕಾಲೋನಿ, ಬೆಂಗಳೂರು – ೫೬೦೦೧೯	೦೮೦ -೩೩೮೯೧೪೩	ಹಕ್ಕುಗಳನ್ನು ಕಾದಿರಿಸಲಾಗಿದೆ	ಹನ್ನೊಂದನೆಯ ಮುದ್ರಣ	
125	ಶ್ರೀ ಭಾಗವನ್ನಮಾವಲಿಃ	Kannada	2002	50	288	ಇದೆ	ವಿದ್ವಾನ್ ಎನ್. ರಂಗನಾಥ ಶರ್ಮಾ		ಶ್ರೀನರಸಿಂಹರಾಜಕಾಲೋನಿ ಅಸೋಸಿಯೇಷನ್(ರಿ) , ಶ್ರೀರಾಮಮಂದಿರ , ನರಸಿಂಹರಾಜ ಕಾಲೋನಿ, ಬೆಂಗಳೂರು – ೧೯	೦೮೨೬೫-೨೭೪೧೦೦	Reserved by the Publishe	ಏಳನೆಯ ಪರಿಷ್ಕೃತ ಮುದ್ರಣ	
126	ರಂಗಾಭಿನಂದನ 	Kannada	1994		492		ವಿದ್ವಾನ್ ಎನ್. ರಂಗನಾಥ ಶರ್ಮಾ		ವಿದ್ವಾನ್ ಶ್ರೀ ಎನ್. ರಂಗನಾಥಶರ್ಮಾ ಅಭಿನಂದನ ಸಮಿತಿ		ವಿದ್ವಾನ್ ಶ್ರೀ ಎನ್. ರಂಗನಾಥಶರ್ಮಾ ಅಭಿನಂದನ ಸಮಿತಿ	ಮೊದಲ ಮುದ್ರಣ	
127	ಶ್ರೀಚಾಮರಾಜೋಕ್ತಿವಿಲಾಸ ಕನ್ನಡ ರಾಮಾಯಣ 	Kannada			44	 ಇಲ್ಲ				೦೮೨೬೫-೨೭೪೧೦೦			
128	Bio-data	English			2								
999	ಶ್ರೀ ಗುರುಸಂಹಿತೆ (ಸಮಶ್ಲೋಕಿ ಗುರುಚರಿತ್ರೆ)	Kannada	2003		804								
	ಶ್ರೀರಾಮಚಂದ್ರ	Kannada	1982	4	71	 ಇಲ್ಲ			ಗೋಖಲೆ ಸಾರ್ವಜನಿಕ ವಿಚಾರ ಸಂಸ್ಥೆ, ಬೆಂಗಳೂರು, ೫೬೦೦೧೯	೦೮೦ -೩೩೮೯೧೪೩			